{
    "normalization": "zscore",
    "normalizers": {
        "cnn": {
            "mean": 0.4644845128059387,
            "std": 0.1948154866695404
        },
        "gru": {
            "mean": 0.12405195832252502,
            "std": 0.05715598538517952
        },
        "lstm": {
            "mean": 0.1543755680322647,
            "std": 0.08352795988321304
        }
    },
    "threshold": 2.835529088973999,
    "threshold_method": "quantile",
    "threshold_params": {
        "q": 0.99,
        "k": 3
    },
    "error_stats": {
        "median": -0.13719774782657623,
        "p95": 1.654111623764038
    },
    "anomaly_rate_ref": 0.010062893081761006,
    "feature_stats": {
        "mean": [
            0.0014609394083394686,
            0.0004795497964463261,
            0.0014951215780266776,
            0.00041477872456152366,
            0.00041477872456152366,
            0.0,
            -0.0009293546635865481,
            -0.0005329131511786742,
            0.0011013851839180378,
            0.0008042995684358,
            0.0009528885950394126,
            0.0010029162878309554,
            0.00021562786366213375,
            0.001033147846542427,
            0.00020279305878721554,
            0.00029604692375467166
        ],
        "std": [
            0.9994288031825393,
            1.0003198174315713,
            0.9998543885344541,
            1.0007271192821057,
            1.0007271192821057,
            1e-06,
            1.000445626435958,
            1.0005574271770938,
            1.0003274620597373,
            1.0005130808193705,
            1.0004406321912656,
            1.0004604418462055,
            1.000500152330623,
            1.0001656107564822,
            1.0001327614718893,
            0.9999982513220581
        ],
        "global_mean": 0.0005257503590713094,
        "global_std": 0.9685429508375734
    }
}