{
    "feature_stats": {
        "mean": [
            -0.8521502017974854,
            0.42059385776519775,
            -0.0763125866651535,
            -0.26506391167640686,
            -0.26506391167640686,
            0.0,
            0.4666348099708557,
            0.23337247967720032,
            0.2226792573928833,
            0.5379785299301147,
            -0.14143282175064087,
            -0.639285683631897,
            -0.49478745460510254,
            -0.3087546229362488,
            0.5292081832885742,
            0.05666758492588997
        ],
        "std": [
            0.6702014803886414,
            0.7284524440765381,
            0.36539986729621887,
            0.0,
            0.0,
            0.0,
            0.2808970510959625,
            0.3469591438770294,
            0.9380773901939392,
            1.0421520471572876,
            1.0613211393356323,
            0.008883154951035976,
            0.4724471867084503,
            0.4164581596851349,
            0.172043114900589,
            0.998062014579773
        ],
        "global_mean": -0.035982273519039154,
        "global_std": 0.7297064661979675
    },
    "error_stats": {
        "median": 1.8615309000015259,
        "p95": 2.0237581729888916
    },
    "anomaly_rate": 0.0
}